{"cameraMode":{"drawMode":0,"name":"Shaded","section":"Shading Mode"},"sceneLighting":false,"audioPlay":false,"sceneViewState":{"showFog":true,"showMaterialUpdate":false,"showSkybox":true,"showFlares":true,"showImageEffects":true,"showParticleSystems":true},"in2DMode":false,"pivot":{"x":-33.0862922668457,"y":9.719465255737305,"z":5.6032304763793949},"rotation":{"x":0.08383996784687042,"y":0.8362175822257996,"z":-0.5254224538803101,"w":0.13333028554916383},"size":11.323092460632325,"orthographic":false}