{"cameraMode":{"drawMode":0,"name":"Shaded","section":"Shading Mode"},"sceneLighting":true,"audioPlay":false,"sceneViewState":{"showFog":true,"showMaterialUpdate":false,"showSkybox":true,"showFlares":true,"showImageEffects":true,"showParticleSystems":true},"in2DMode":false,"pivot":{"x":-48.565818786621097,"y":-1.1118357181549073,"z":-26.620319366455079},"rotation":{"x":0.17486470937728883,"y":0.5175813436508179,"z":-0.11147873103618622,"w":0.830535352230072},"size":4.42197322845459,"orthographic":false}