{"cameraMode":{"drawMode":0,"name":"Shaded","section":"Shading Mode"},"sceneLighting":false,"audioPlay":false,"sceneViewState":{"showFog":true,"showMaterialUpdate":false,"showSkybox":true,"showFlares":true,"showImageEffects":true,"showParticleSystems":true},"in2DMode":false,"pivot":{"x":-41.69038772583008,"y":9.315780639648438,"z":-2.958625555038452},"rotation":{"x":-0.3919384479522705,"y":0.25201416015625,"z":-0.11256446689367295,"w":-0.8776720762252808},"size":5.964899063110352,"orthographic":false}