{"cameraMode":{"drawMode":0,"name":"Shaded","section":"Shading Mode"},"sceneLighting":false,"audioPlay":false,"sceneViewState":{"showFog":true,"showMaterialUpdate":false,"showSkybox":true,"showFlares":true,"showImageEffects":true,"showParticleSystems":true},"in2DMode":false,"pivot":{"x":-28.504558563232423,"y":14.584060668945313,"z":1.9429593086242676},"rotation":{"x":-0.4342544674873352,"y":0.17909914255142213,"z":-0.08830996602773667,"w":-0.878618061542511},"size":3.6939005851745607,"orthographic":false}