{"cameraMode":{"drawMode":0,"name":"Shaded","section":"Shading Mode"},"sceneLighting":false,"audioPlay":false,"sceneViewState":{"showFog":true,"showMaterialUpdate":false,"showSkybox":true,"showFlares":true,"showImageEffects":true,"showParticleSystems":true},"in2DMode":false,"pivot":{"x":-38.641212463378909,"y":9.081079483032227,"z":5.443365097045898},"rotation":{"x":0.10220743715763092,"y":-0.14690913259983064,"z":0.015170739032328129,"w":0.9838554263114929},"size":15.213558197021485,"orthographic":false}