{"cameraMode":{"drawMode":0,"name":"Shaded","section":"Shading Mode"},"sceneLighting":false,"audioPlay":false,"sceneViewState":{"showFog":true,"showMaterialUpdate":false,"showSkybox":true,"showFlares":true,"showImageEffects":true,"showParticleSystems":true},"in2DMode":false,"pivot":{"x":-44.69519805908203,"y":-1.5401973724365235,"z":15.793292045593262},"rotation":{"x":0.32729414105415347,"y":-0.098427914083004,"z":0.0316116102039814,"w":0.9399693608283997},"size":17.19276237487793,"orthographic":false}