{"cameraMode":{"drawMode":0,"name":"Shaded","section":"Shading Mode"},"sceneLighting":true,"audioPlay":false,"sceneViewState":{"showFog":true,"showMaterialUpdate":false,"showSkybox":true,"showFlares":true,"showImageEffects":true,"showParticleSystems":true},"in2DMode":false,"pivot":{"x":-42.31338882446289,"y":-11.826770782470704,"z":19.75335693359375},"rotation":{"x":-0.3965466022491455,"y":-0.5023466944694519,"z":0.27852892875671389,"w":-0.7163264155387878},"size":16.49835968017578,"orthographic":false}