{"cameraMode":{"drawMode":0,"name":"Shaded","section":"Shading Mode"},"sceneLighting":false,"audioPlay":false,"sceneViewState":{"showFog":true,"showMaterialUpdate":false,"showSkybox":false,"showFlares":true,"showImageEffects":true,"showParticleSystems":true},"in2DMode":false,"pivot":{"x":-54.4420280456543,"y":8.018174171447754,"z":17.739463806152345},"rotation":{"x":0.000589998671784997,"y":0.9990412592887878,"z":-0.04498841613531113,"w":0.010810142382979393},"size":1.3162968158721924,"orthographic":false}