{"cameraMode":{"drawMode":0,"name":"Shaded","section":"Shading Mode"},"sceneLighting":false,"audioPlay":false,"sceneViewState":{"showFog":true,"showMaterialUpdate":false,"showSkybox":true,"showFlares":true,"showImageEffects":true,"showParticleSystems":true},"in2DMode":false,"pivot":{"x":-40.4219856262207,"y":9.329301834106446,"z":-2.3604283332824709},"rotation":{"x":-0.31235265731811526,"y":-0.6434685587882996,"z":0.32996195554733279,"w":-0.6171130537986755},"size":2.6353609561920168,"orthographic":false}