{"cameraMode":{"drawMode":0,"name":"Shaded","section":"Shading Mode"},"sceneLighting":false,"audioPlay":false,"sceneViewState":{"showFog":true,"showMaterialUpdate":false,"showSkybox":true,"showFlares":true,"showImageEffects":true,"showParticleSystems":true},"in2DMode":false,"pivot":{"x":-64.37664031982422,"y":7.773410797119141,"z":9.433841705322266},"rotation":{"x":0.28259873390197756,"y":0.7094286680221558,"z":-0.38843202590942385,"w":0.5159308314323425},"size":4.832157135009766,"orthographic":false}