{"cameraMode":{"drawMode":0,"name":"Shaded","section":"Shading Mode"},"sceneLighting":false,"audioPlay":false,"sceneViewState":{"showFog":true,"showMaterialUpdate":false,"showSkybox":true,"showFlares":true,"showImageEffects":true,"showParticleSystems":true},"in2DMode":false,"pivot":{"x":-51.46334457397461,"y":10.987735748291016,"z":-4.795923233032227},"rotation":{"x":0.17809917032718659,"y":-0.636870801448822,"z":0.1536092907190323,"w":0.7348143458366394},"size":7.355011940002441,"orthographic":false}