{"cameraMode":{"drawMode":0,"name":"Shaded","section":"Shading Mode"},"sceneLighting":false,"audioPlay":false,"sceneViewState":{"showFog":true,"showMaterialUpdate":false,"showSkybox":true,"showFlares":true,"showImageEffects":true,"showParticleSystems":true},"in2DMode":false,"pivot":{"x":-51.52362060546875,"y":7.960866928100586,"z":13.767945289611817},"rotation":{"x":-0.0410565547645092,"y":0.9361763596534729,"z":-0.3333400785923004,"w":-0.10915089398622513},"size":6.653990745544434,"orthographic":false}