{"cameraMode":{"drawMode":0,"name":"Shaded","section":"Shading Mode"},"sceneLighting":false,"audioPlay":false,"sceneViewState":{"showFog":true,"showMaterialUpdate":false,"showSkybox":true,"showFlares":true,"showImageEffects":true,"showParticleSystems":true},"in2DMode":false,"pivot":{"x":363.7535400390625,"y":193.0423126220703,"z":17.075042724609376},"rotation":{"x":0.1167716309428215,"y":0.0035093545448035,"z":0.0003105936339125037,"w":0.9934994578361511},"size":144.81600952148438,"orthographic":false}