{"cameraMode":{"drawMode":0,"name":"Shaded","section":"Shading Mode"},"sceneLighting":false,"audioPlay":false,"sceneViewState":{"showFog":true,"showMaterialUpdate":false,"showSkybox":true,"showFlares":true,"showImageEffects":true,"showParticleSystems":true},"in2DMode":false,"pivot":{"x":-71.28651428222656,"y":4.338039875030518,"z":16.811397552490236},"rotation":{"x":0.1460203379392624,"y":-0.833276093006134,"z":0.4644967019557953,"w":0.26216834783554079},"size":7.491315841674805,"orthographic":false}