{"cameraMode":{"drawMode":0,"name":"Shaded","section":"Shading Mode"},"sceneLighting":true,"audioPlay":false,"sceneViewState":{"showFog":true,"showMaterialUpdate":false,"showSkybox":true,"showFlares":true,"showImageEffects":true,"showParticleSystems":true},"in2DMode":false,"pivot":{"x":-46.46244430541992,"y":3.176398754119873,"z":10.840672492980957},"rotation":{"x":-0.33468884229660036,"y":-0.11241062730550766,"z":0.040547240525484088,"w":-0.9349097609519959},"size":2.3854317665100099,"orthographic":false}