{"cameraMode":{"drawMode":0,"name":"Shaded","section":"Shading Mode"},"sceneLighting":false,"audioPlay":false,"sceneViewState":{"showFog":true,"showMaterialUpdate":false,"showSkybox":true,"showFlares":true,"showImageEffects":true,"showParticleSystems":true},"in2DMode":false,"pivot":{"x":-51.04690933227539,"y":7.17082405090332,"z":3.8987112045288088},"rotation":{"x":0.020699964836239816,"y":-0.8481858968734741,"z":0.5296659469604492,"w":0.02824331261217594},"size":13.787785530090332,"orthographic":false}