{"cameraMode":{"drawMode":0,"name":"Shaded","section":"Shading Mode"},"sceneLighting":false,"audioPlay":false,"sceneViewState":{"showFog":true,"showMaterialUpdate":false,"showSkybox":true,"showFlares":true,"showImageEffects":true,"showParticleSystems":true},"in2DMode":false,"pivot":{"x":-42.14522171020508,"y":17.27630043029785,"z":6.866511821746826},"rotation":{"x":0.30101528763771059,"y":-0.40258049964904787,"z":0.13916407525539399,"w":0.8539127707481384},"size":1.3875958919525147,"orthographic":false}