{"cameraMode":{"drawMode":0,"name":"Shaded","section":"Shading Mode"},"sceneLighting":false,"audioPlay":false,"sceneViewState":{"showFog":true,"showMaterialUpdate":false,"showSkybox":true,"showFlares":true,"showImageEffects":true,"showParticleSystems":true},"in2DMode":false,"pivot":{"x":542.3121948242188,"y":213.39060974121095,"z":1.35870361328125},"rotation":{"x":-0.08093154430389404,"y":0.009084485471248627,"z":-0.0011576887918636203,"w":-0.9970903992652893},"size":277.64324951171877,"orthographic":false}