{"cameraMode":{"drawMode":0,"name":"Shaded","section":"Shading Mode"},"sceneLighting":false,"audioPlay":false,"sceneViewState":{"showFog":true,"showMaterialUpdate":false,"showSkybox":true,"showFlares":true,"showImageEffects":true,"showParticleSystems":true},"in2DMode":false,"pivot":{"x":-39.684326171875,"y":11.735898971557618,"z":-4.520860195159912},"rotation":{"x":-0.04455551505088806,"y":0.646281361579895,"z":-0.037862569093704227,"w":-0.7609016299247742},"size":1.1353614330291749,"orthographic":false}