{"cameraMode":{"drawMode":0,"name":"Shaded","section":"Shading Mode"},"sceneLighting":true,"audioPlay":false,"sceneViewState":{"showFog":true,"showMaterialUpdate":false,"showSkybox":true,"showFlares":true,"showImageEffects":true,"showParticleSystems":true},"in2DMode":false,"pivot":{"x":-64.12380981445313,"y":1.8406665325164796,"z":6.194265842437744},"rotation":{"x":-0.25614404678344729,"y":0.5946395397186279,"z":-0.20766548812389375,"w":-0.7334107160568237},"size":1.7705581188201905,"orthographic":false}