{"cameraMode":{"drawMode":0,"name":"Shaded","section":"Shading Mode"},"sceneLighting":true,"audioPlay":false,"sceneViewState":{"showFog":true,"showMaterialUpdate":false,"showSkybox":true,"showFlares":true,"showImageEffects":true,"showParticleSystems":true},"in2DMode":false,"pivot":{"x":-42.66383743286133,"y":2.600893020629883,"z":-6.9987053871154789},"rotation":{"x":-0.07553262263536453,"y":-0.4387660324573517,"z":0.03724750503897667,"w":-0.8947204351425171},"size":4.432283401489258,"orthographic":false}